filename,best_text
IMG_0773_jpeg_jpeg.jpg,54058
IMG_0773_jpeg_jpeg2.jpg,53041
IMG_0773_jpeg_jpeg3.jpg,54074
IMG_0773_jpeg_jpeg4.jpg,54013
IMG_0773_jpeg_jpeg5.jpg,54069
IMG_0773_jpeg_jpeg6.jpg,54073
IMG_0773_jpeg_jpeg7.jpg,54069
IMG_0773_jpeg_jpeg8.jpg,53040
IMG_0773_jpeg_jpeg9.jpg,54074
IMG_0773_jpeg_jpeg10.jpg,54024
IMG_0773_jpeg_jpeg11.jpg,54029
IMG_0773_jpeg_jpeg12.jpg,53025
IMG_0773_jpeg_jpeg13.jpg,54058
IMG_0773_jpeg_jpeg14.jpg,54013
IMG_0773_jpeg_jpeg15.jpg,53040
IMG_0773_jpeg_jpeg16.jpg,54024
IMG_0773_jpeg_jpeg17.jpg,53040
IMG_0773_jpeg_jpeg18.jpg,54060
IMG_0773_jpeg_jpeg19.jpg,54074
IMG_0773_jpeg_jpeg20.jpg,54078
IMG_0773_jpeg_jpeg21.jpg,54060
IMG_0773_jpeg_jpeg22.jpg,53041
IMG_0773_jpeg_jpeg23.jpg,54073
IMG_0773_jpeg_jpeg24.jpg,54060
IMG_0773_jpeg_jpeg25.jpg,54063
IMG_0773_jpeg_jpeg26.jpg,54047
IMG_0773_jpeg_jpeg27.jpg,53040
IMG_0773_jpeg_jpeg28.jpg,54060
IMG_0773_jpeg_jpeg29.jpg,54090DL
IMG_0773_jpeg_jpeg30.jpg,54090DL
IMG_0773_jpeg_jpeg31.jpg,54109
IMG_0773_jpeg_jpeg32.jpg,54047
IMG_0773_jpeg_jpeg33.jpg,54109
IMG_0773_jpeg_jpeg34.jpg,54053
IMG_0773_jpeg_jpeg35.jpg,54098DL
IMG_0773_jpeg_jpeg36.jpg,54027
IMG_0773_jpeg_jpeg37.jpg,54017
IMG_0773_jpeg_jpeg38.jpg,53025
IMG_0773_jpeg_jpeg39.jpg,53012
IMG_0773_jpeg_jpeg40.jpg,54011
IMG_0773_jpeg_jpeg41.jpg,54027
IMG_0773_jpeg_jpeg42.jpg,null
IMG_0773_jpeg_jpeg43.jpg,54011
IMG_0773_jpeg_jpeg44.jpg,54027
IMG_0773_jpeg_jpeg45.jpg,53012
IMG_0773_jpeg_jpeg46.jpg,54017
IMG_0773_jpeg_jpeg47.jpg,null
IMG_0773_jpeg_jpeg48.jpg,54105
IMG_0773_jpeg_jpeg49.jpg,54105
IMG_0773_jpeg_jpeg50.jpg,54105
IMG_0773_jpeg_jpeg51.jpg,54029
IMG_0779_jpeg_jpeg.jpg,54029
IMG_0779_jpeg_jpeg2.jpg,54069
IMG_0779_jpeg_jpeg3.jpg,54069
IMG_0779_jpeg_jpeg4.jpg,54073
IMG_0779_jpeg_jpeg5.jpg,53041
IMG_0779_jpeg_jpeg6.jpg,54013
IMG_0779_jpeg_jpeg7.jpg,54013
IMG_0779_jpeg_jpeg8.jpg,54058
IMG_0779_jpeg_jpeg9.jpg,54073
IMG_0779_jpeg_jpeg10.jpg,54058
IMG_0779_jpeg_jpeg11.jpg,54074
IMG_0779_jpeg_jpeg12.jpg,53041
IMG_0779_jpeg_jpeg13.jpg,53025
IMG_0779_jpeg_jpeg14.jpg,54060
IMG_0779_jpeg_jpeg15.jpg,54027
IMG_0779_jpeg_jpeg16.jpg,53040
IMG_0779_jpeg_jpeg17.jpg,54074
IMG_0779_jpeg_jpeg18.jpg,null
IMG_0779_jpeg_jpeg19.jpg,53025
IMG_0779_jpeg_jpeg20.jpg,54060
IMG_0779_jpeg_jpeg21.jpg,53040
IMG_0779_jpeg_jpeg22.jpg,53040
IMG_0779_jpeg_jpeg23.jpg,54027
IMG_0779_jpeg_jpeg24.jpg,54011
IMG_0779_jpeg_jpeg25.jpg,53040
IMG_0779_jpeg_jpeg26.jpg,54060
IMG_0779_jpeg_jpeg27.jpg,54017
IMG_0779_jpeg_jpeg28.jpg,54047
IMG_0779_jpeg_jpeg29.jpg,54063
IMG_0779_jpeg_jpeg30.jpg,null
IMG_0779_jpeg_jpeg31.jpg,54047
IMG_0779_jpeg_jpeg32.jpg,54060
IMG_0779_jpeg_jpeg33.jpg,54063
IMG_0779_jpeg_jpeg34.jpg,54027
IMG_0779_jpeg_jpeg35.jpg,null
IMG_0779_jpeg_jpeg36.jpg,54017
IMG_0779_jpeg_jpeg37.jpg,54011
IMG_0779_jpeg_jpeg38.jpg,null
IMG_0779_jpeg_jpeg39.jpg,53012
IMG_0779_jpeg_jpeg40.jpg,null
IMG_0779_jpeg_jpeg41.jpg,null
IMG_0779_jpeg_jpeg42.jpg,54074
IMG_0779_jpeg_jpeg43.jpg,54105
IMG_0779_jpeg_jpeg44.jpg,null
IMG_0780_jpeg_jpeg.jpg,53040
IMG_0780_jpeg_jpeg2.jpg,53025
IMG_0780_jpeg_jpeg3.jpg,53025
IMG_0780_jpeg_jpeg4.jpg,54017
IMG_0780_jpeg_jpeg5.jpg,53040
IMG_0780_jpeg_jpeg6.jpg,54063
IMG_0780_jpeg_jpeg7.jpg,53040
IMG_0780_jpeg_jpeg8.jpg,54058
IMG_0780_jpeg_jpeg9.jpg,54011
IMG_0780_jpeg_jpeg10.jpg,53040
IMG_0780_jpeg_jpeg11.jpg,54013
IMG_0780_jpeg_jpeg12.jpg,53041
IMG_0780_jpeg_jpeg13.jpg,53041
IMG_0780_jpeg_jpeg14.jpg,54011
IMG_0780_jpeg_jpeg15.jpg,54017
IMG_0780_jpeg_jpeg16.jpg,54013
IMG_0780_jpeg_jpeg17.jpg,null
IMG_0780_jpeg_jpeg18.jpg,5301
IMG_0780_jpeg_jpeg19.jpg,5405
IMG_0781_jpeg_jpeg.jpg,53025
IMG_0781_jpeg_jpeg2.jpg,54011
IMG_0781_jpeg_jpeg3.jpg,53002
IMG_0781_jpeg_jpeg4.jpg,53006DL
IMG_0781_jpeg_jpeg5.jpg,53001
IMG_0781_jpeg_jpeg6.jpg,53002
IMG_0781_jpeg_jpeg7.jpg,53005DL
IMG_0781_jpeg_jpeg8.jpg,53005DL
IMG_0781_jpeg_jpeg9.jpg,54017
IMG_0781_jpeg_jpeg10.jpg,5413
IMG_0781_jpeg_jpeg11.jpg,53006DL
IMG_0781_jpeg_jpeg12.jpg,54017
IMG_0781_jpeg_jpeg13.jpg,44723
IMG_0781_jpeg_jpeg14.jpg,53000
IMG_0781_jpeg_jpeg15.jpg,53000
IMG_0781_jpeg_jpeg16.jpg,53001
IMG_0781_jpeg_jpeg17.jpg,53011
IMG_0781_jpeg_jpeg18.jpg,53010
IMG_0781_jpeg_jpeg19.jpg,45112
IMG_0781_jpeg_jpeg20.jpg,53012
IMG_0781_jpeg_jpeg21.jpg,53010
IMG_0781_jpeg_jpeg22.jpg,53011
IMG_0781_jpeg_jpeg23.jpg,null
IMG_0781_jpeg_jpeg24.jpg,54011
IMG_0782_jpeg_jpeg.jpg,null
IMG_0782_jpeg_jpeg2.jpg,5115
IMG_0782_jpeg_jpeg3.jpg,5396
IMG_0782_jpeg_jpeg4.jpg,5382
IMG_0782_jpeg_jpeg5.jpg,5547
IMG_0782_jpeg_jpeg6.jpg,null
IMG_0782_jpeg_jpeg7.jpg,5396
IMG_0782_jpeg_jpeg8.jpg,3295
IMG_0782_jpeg_jpeg9.jpg,5383
IMG_0782_jpeg_jpeg10.jpg,5382
IMG_0782_jpeg_jpeg11.jpg,31243
IMG_0782_jpeg_jpeg12.jpg,5395
IMG_0782_jpeg_jpeg13.jpg,5395
IMG_0782_jpeg_jpeg14.jpg,5115
IMG_0782_jpeg_jpeg15.jpg,31254DL
IMG_0782_jpeg_jpeg16.jpg,3295
IMG_0782_jpeg_jpeg17.jpg,3291
IMG_0782_jpeg_jpeg18.jpg,null
IMG_0782_jpeg_jpeg19.jpg,3291
IMG_0783_jpeg_jpeg.jpg,31204
IMG_0783_jpeg_jpeg2.jpg,31165
IMG_0783_jpeg_jpeg3.jpg,31204
IMG_0783_jpeg_jpeg4.jpg,31075
IMG_0783_jpeg_jpeg5.jpg,31056
IMG_0783_jpeg_jpeg6.jpg,31056
IMG_0783_jpeg_jpeg7.jpg,5580
IMG_0783_jpeg_jpeg8.jpg,31165
IMG_0783_jpeg_jpeg9.jpg,5580
IMG_0783_jpeg_jpeg10.jpg,5396
IMG_0783_jpeg_jpeg11.jpg,31075
IMG_0783_jpeg_jpeg12.jpg,31294
IMG_0783_jpeg_jpeg13.jpg,5396
IMG_0783_jpeg_jpeg14.jpg,5547
IMG_0784_jpeg_jpeg.jpg,31257DL
IMG_0784_jpeg_jpeg2.jpg,31247DL
IMG_0784_jpeg_jpeg3.jpg,31247DL
IMG_0784_jpeg_jpeg4.jpg,31254DL
IMG_0784_jpeg_jpeg5.jpg,31259
IMG_0784_jpeg_jpeg6.jpg,31243
IMG_0784_jpeg_jpeg7.jpg,31243
IMG_0784_jpeg_jpeg8.jpg,31259
IMG_0784_jpeg_jpeg9.jpg,31257DL
IMG_0784_jpeg_jpeg10.jpg,31254DL
IMG_0785_jpeg_jpeg.jpg,31270
IMG_0785_jpeg_jpeg2.jpg,31270
IMG_0785_jpeg_jpeg3.jpg,31306
IMG_0785_jpeg_jpeg4.jpg,31268
IMG_0785_jpeg_jpeg5.jpg,31329
IMG_0785_jpeg_jpeg6.jpg,31294
IMG_0785_jpeg_jpeg7.jpg,31266
IMG_0785_jpeg_jpeg8.jpg,31329
IMG_0785_jpeg_jpeg9.jpg,31260
IMG_0785_jpeg_jpeg10.jpg,31267
IMG_0785_jpeg_jpeg11.jpg,31260
IMG_0785_jpeg_jpeg12.jpg,null
IMG_0785_jpeg_jpeg13.jpg,null
IMG_0785_jpeg_jpeg14.jpg,31275DL
IMG_0785_jpeg_jpeg15.jpg,31266
IMG_0785_jpeg_jpeg16.jpg,31260
IMG_0785_jpeg_jpeg17.jpg,null
IMG_0785_jpeg_jpeg18.jpg,null
IMG_0785_jpeg_jpeg19.jpg,31267
IMG_0785_jpeg_jpeg20.jpg,11275DL
IMG_0785_jpeg_jpeg21.jpg,null
IMG_0785_jpeg_jpeg22.jpg,null
IMG_0786_jpeg_jpeg.jpg,null
IMG_0786_jpeg_jpeg2.jpg,null
IMG_0786_jpeg_jpeg3.jpg,31325DL
IMG_0786_jpeg_jpeg4.jpg,31311DL
IMG_0786_jpeg_jpeg5.jpg,31318DL
IMG_0786_jpeg_jpeg6.jpg,31316DL
IMG_0786_jpeg_jpeg7.jpg,31311DL
IMG_0786_jpeg_jpeg8.jpg,31311DL
IMG_0786_jpeg_jpeg9.jpg,31325DL
IMG_0786_jpeg_jpeg10.jpg,31318DL
IMG_0786_jpeg_jpeg11.jpg,31307
IMG_0786_jpeg_jpeg12.jpg,31312DL
IMG_0786_jpeg_jpeg13.jpg,31339
IMG_0786_jpeg_jpeg14.jpg,31307
IMG_0786_jpeg_jpeg15.jpg,null
IMG_0786_jpeg_jpeg16.jpg,31315DL
IMG_0786_jpeg_jpeg17.jpg,31315DL
IMG_0786_jpeg_jpeg18.jpg,31312DL
IMG_0786_jpeg_jpeg19.jpg,31349DL
IMG_0786_jpeg_jpeg20.jpg,31316DL
IMG_0786_jpeg_jpeg21.jpg,31325DL
IMG_0786_jpeg_jpeg22.jpg,null
IMG_0786_jpeg_jpeg23.jpg,31337
IMG_0786_jpeg_jpeg24.jpg,31366
IMG_0786_jpeg_jpeg25.jpg,31356
IMG_0786_jpeg_jpeg26.jpg,null
IMG_0786_jpeg_jpeg27.jpg,null
IMG_0786_jpeg_jpeg28.jpg,79016
IMG_0786_jpeg_jpeg29.jpg,31337
IMG_0786_jpeg_jpeg30.jpg,null
IMG_0786_jpeg_jpeg31.jpg,null
IMG_0786_jpeg_jpeg32.jpg,31339
IMG_0786_jpeg_jpeg33.jpg,31311DL
IMG_0786_jpeg_jpeg34.jpg,null
IMG_0786_jpeg_jpeg35.jpg,null
IMG_0786_jpeg_jpeg36.jpg,null
IMG_0786_jpeg_jpeg37.jpg,null
IMG_0787_jpeg_jpeg.jpg,31327DL
IMG_0787_jpeg_jpeg2.jpg,null
IMG_0787_jpeg_jpeg3.jpg,31322
IMG_0787_jpeg_jpeg4.jpg,31320
IMG_0787_jpeg_jpeg5.jpg,31327DL
IMG_0787_jpeg_jpeg6.jpg,31329
IMG_0787_jpeg_jpeg7.jpg,31336
IMG_0787_jpeg_jpeg8.jpg,31322
IMG_0787_jpeg_jpeg9.jpg,31326
IMG_0787_jpeg_jpeg10.jpg,31326
IMG_0787_jpeg_jpeg11.jpg,null
IMG_0787_jpeg_jpeg12.jpg,31325DL
IMG_0787_jpeg_jpeg13.jpg,null
IMG_0787_jpeg_jpeg14.jpg,31325DL
IMG_0787_jpeg_jpeg15.jpg,31349DL
IMG_0787_jpeg_jpeg16.jpg,31316DL
IMG_0787_jpeg_jpeg17.jpg,null
IMG_0787_jpeg_jpeg18.jpg,31303
IMG_0787_jpeg_jpeg19.jpg,null
IMG_0787_jpeg_jpeg20.jpg,31325DL
IMG_0787_jpeg_jpeg21.jpg,null
IMG_0787_jpeg_jpeg22.jpg,null
IMG_0787_jpeg_jpeg23.jpg,null
IMG_0787_jpeg_jpeg24.jpg,31349DL
IMG_0787_jpeg_jpeg25.jpg,31316DL
IMG_0787_jpeg_jpeg26.jpg,31320
IMG_0787_jpeg_jpeg27.jpg,31373
IMG_0787_jpeg_jpeg28.jpg,null
IMG_0787_jpeg_jpeg29.jpg,31332
IMG_0787_jpeg_jpeg30.jpg,31356
IMG_0787_jpeg_jpeg31.jpg,null
IMG_0787_jpeg_jpeg32.jpg,31328
IMG_0787_jpeg_jpeg33.jpg,null
IMG_0787_jpeg_jpeg34.jpg,null
IMG_0787_jpeg_jpeg35.jpg,31318DL
IMG_0787_jpeg_jpeg36.jpg,31315DL
IMG_0787_jpeg_jpeg37.jpg,31318DL
IMG_0787_jpeg_jpeg38.jpg,null
IMG_0788_jpeg_jpeg.jpg,31337
IMG_0788_jpeg_jpeg2.jpg,31339
IMG_0788_jpeg_jpeg3.jpg,31339
IMG_0788_jpeg_jpeg4.jpg,31348DL
IMG_0788_jpeg_jpeg5.jpg,null
IMG_0788_jpeg_jpeg6.jpg,31348DL
IMG_0788_jpeg_jpeg7.jpg,31349DL
IMG_0788_jpeg_jpeg8.jpg,31356
IMG_0788_jpeg_jpeg9.jpg,31447DL
IMG_0788_jpeg_jpeg10.jpg,41123
IMG_0788_jpeg_jpeg11.jpg,null
IMG_0788_jpeg_jpeg12.jpg,31356
IMG_0788_jpeg_jpeg13.jpg,null
IMG_0788_jpeg_jpeg14.jpg,31337
IMG_0788_jpeg_jpeg15.jpg,31447DL
IMG_0788_jpeg_jpeg16.jpg,null
IMG_0788_jpeg_jpeg17.jpg,null
IMG_0788_jpeg_jpeg18.jpg,41122
IMG_0788_jpeg_jpeg19.jpg,null
IMG_0788_jpeg_jpeg20.jpg,31349DL
IMG_0789_jpeg_jpeg.jpg,31363
IMG_0789_jpeg_jpeg2.jpg,31365
IMG_0789_jpeg_jpeg3.jpg,31363
IMG_0789_jpeg_jpeg4.jpg,31365
IMG_0789_jpeg_jpeg5.jpg,31356
IMG_0789_jpeg_jpeg6.jpg,31356
IMG_0789_jpeg_jpeg7.jpg,31349DL
IMG_0789_jpeg_jpeg8.jpg,31325DL
IMG_0789_jpeg_jpeg9.jpg,31349DL
IMG_0789_jpeg_jpeg10.jpg,null
IMG_0789_jpeg_jpeg11.jpg,31348DL
IMG_0789_jpeg_jpeg12.jpg,41229
IMG_0789_jpeg_jpeg13.jpg,41229
IMG_0789_jpeg_jpeg14.jpg,31348DL
IMG_0790_jpeg_jpeg.jpg,null
IMG_0790_jpeg_jpeg2.jpg,null
IMG_0790_jpeg_jpeg3.jpg,null
IMG_0790_jpeg_jpeg4.jpg,null
IMG_0790_jpeg_jpeg5.jpg,31375DL
IMG_0790_jpeg_jpeg6.jpg,31392
IMG_0790_jpeg_jpeg7.jpg,31392
IMG_0790_jpeg_jpeg8.jpg,31365
IMG_0790_jpeg_jpeg9.jpg,null
IMG_0790_jpeg_jpeg10.jpg,31373
IMG_0790_jpeg_jpeg11.jpg,31373
IMG_0790_jpeg_jpeg12.jpg,31363
IMG_0790_jpeg_jpeg13.jpg,31365
IMG_0790_jpeg_jpeg14.jpg,null
IMG_0790_jpeg_jpeg15.jpg,31375DL
IMG_0790_jpeg_jpeg16.jpg,31363
IMG_0790_jpeg_jpeg17.jpg,null
IMG_0790_jpeg_jpeg18.jpg,null
IMG_0790_jpeg_jpeg19.jpg,3363
IMG_0790_jpeg_jpeg20.jpg,null
IMG_0790_jpeg_jpeg21.jpg,31328
IMG_0790_jpeg_jpeg22.jpg,null
IMG_0791_jpeg_jpeg.jpg,41232
IMG_0791_jpeg_jpeg2.jpg,41232
IMG_0791_jpeg_jpeg3.jpg,41229
IMG_0791_jpeg_jpeg4.jpg,42134
IMG_0791_jpeg_jpeg5.jpg,31446
IMG_0791_jpeg_jpeg6.jpg,41230
IMG_0791_jpeg_jpeg7.jpg,41233
IMG_0791_jpeg_jpeg8.jpg,41229
IMG_0791_jpeg_jpeg9.jpg,null
IMG_0791_jpeg_jpeg10.jpg,null
IMG_0791_jpeg_jpeg11.jpg,41230
IMG_0791_jpeg_jpeg12.jpg,null
IMG_0791_jpeg_jpeg13.jpg,null
IMG_0791_jpeg_jpeg14.jpg,42134
IMG_0791_jpeg_jpeg15.jpg,null
IMG_0791_jpeg_jpeg16.jpg,null
IMG_0791_jpeg_jpeg17.jpg,41233
IMG_0791_jpeg_jpeg18.jpg,null
IMG_0791_jpeg_jpeg19.jpg,null
IMG_0793_jpeg_jpeg.jpg,null
IMG_0793_jpeg_jpeg2.jpg,31311DL
IMG_0793_jpeg_jpeg3.jpg,31311DL
IMG_0793_jpeg_jpeg4.jpg,31318DL
IMG_0793_jpeg_jpeg5.jpg,31349DL
IMG_0793_jpeg_jpeg6.jpg,31311DL
IMG_0793_jpeg_jpeg7.jpg,31318DL
IMG_0793_jpeg_jpeg8.jpg,31312DL
IMG_0793_jpeg_jpeg9.jpg,31337
IMG_0793_jpeg_jpeg10.jpg,null
IMG_0793_jpeg_jpeg11.jpg,31316DL
IMG_0793_jpeg_jpeg12.jpg,31316DL
IMG_0793_jpeg_jpeg13.jpg,31315DL
IMG_0793_jpeg_jpeg14.jpg,31311DL
IMG_0793_jpeg_jpeg15.jpg,null
IMG_0793_jpeg_jpeg16.jpg,null
IMG_0793_jpeg_jpeg17.jpg,31315DL
IMG_0793_jpeg_jpeg18.jpg,31257DL
IMG_0793_jpeg_jpeg19.jpg,31307
IMG_0793_jpeg_jpeg20.jpg,31307
IMG_0793_jpeg_jpeg21.jpg,31312DL
IMG_0793_jpeg_jpeg22.jpg,null
IMG_0793_jpeg_jpeg23.jpg,null
IMG_0793_jpeg_jpeg24.jpg,31267
IMG_0793_jpeg_jpeg25.jpg,null
IMG_0793_jpeg_jpeg26.jpg,null
IMG_0794_jpeg_jpeg.jpg,34247
IMG_0794_jpeg_jpeg2.jpg,35290
IMG_0794_jpeg_jpeg3.jpg,41127
IMG_0794_jpeg_jpeg4.jpg,41217
IMG_0794_jpeg_jpeg5.jpg,42151DL
IMG_0794_jpeg_jpeg6.jpg,null
IMG_0794_jpeg_jpeg7.jpg,41123
IMG_0794_jpeg_jpeg8.jpg,41127
IMG_0794_jpeg_jpeg9.jpg,null
IMG_0794_jpeg_jpeg10.jpg,35290
IMG_0794_jpeg_jpeg11.jpg,34247
IMG_0794_jpeg_jpeg12.jpg,41217
IMG_0794_jpeg_jpeg13.jpg,34247
IMG_0794_jpeg_jpeg14.jpg,null
IMG_0794_jpeg_jpeg15.jpg,31447DL
IMG_0794_jpeg_jpeg16.jpg,31447DL
IMG_0794_jpeg_jpeg17.jpg,4214
IMG_0794_jpeg_jpeg18.jpg,41123
IMG_0796_jpeg_jpeg.jpg,41123
IMG_0796_jpeg_jpeg2.jpg,41127
IMG_0796_jpeg_jpeg3.jpg,41229
IMG_0796_jpeg_jpeg4.jpg,41229
IMG_0796_jpeg_jpeg5.jpg,41230
IMG_0796_jpeg_jpeg6.jpg,41123
IMG_0796_jpeg_jpeg7.jpg,41127
IMG_0796_jpeg_jpeg8.jpg,41217
IMG_0796_jpeg_jpeg9.jpg,41217
IMG_0796_jpeg_jpeg10.jpg,41230
IMG_0797_jpeg_jpeg.jpg,42146DL
IMG_0797_jpeg_jpeg2.jpg,42151DL
IMG_0797_jpeg_jpeg3.jpg,42145
IMG_0797_jpeg_jpeg4.jpg,42250
IMG_0797_jpeg_jpeg5.jpg,42250
IMG_0797_jpeg_jpeg6.jpg,42248DL
IMG_0797_jpeg_jpeg7.jpg,42248DL
IMG_0797_jpeg_jpeg8.jpg,42151DL
IMG_0797_jpeg_jpeg9.jpg,42146DL
IMG_0797_jpeg_jpeg10.jpg,42248
IMG_0797_jpeg_jpeg11.jpg,42146DL
IMG_0797_jpeg_jpeg12.jpg,42145
IMG_0797_jpeg_jpeg13.jpg,42151DL
IMG_0797_jpeg_jpeg14.jpg,42151DL
IMG_0797_jpeg_jpeg15.jpg,42248
IMG_0797_jpeg_jpeg16.jpg,42251DL
IMG_0797_jpeg_jpeg17.jpg,42251DL
IMG_0797_jpeg_jpeg18.jpg,42146DL
IMG_0797_jpeg_jpeg19.jpg,42251DL
IMG_0799_jpeg_jpeg.jpg,null
IMG_0799_jpeg_jpeg2.jpg,1081
IMG_0799_jpeg_jpeg3.jpg,42264
IMG_0799_jpeg_jpeg4.jpg,null
IMG_0799_jpeg_jpeg5.jpg,43163
IMG_0799_jpeg_jpeg6.jpg,42264
IMG_0799_jpeg_jpeg7.jpg,43163
IMG_0799_jpeg_jpeg8.jpg,43159
IMG_0799_jpeg_jpeg9.jpg,null
IMG_0799_jpeg_jpeg10.jpg,43152DL
IMG_0800_jpeg_jpeg.jpg,3086DL
IMG_0800_jpeg_jpeg2.jpg,43087
IMG_0800_jpeg_jpeg3.jpg,42278DL
IMG_0800_jpeg_jpeg4.jpg,43087
IMG_0800_jpeg_jpeg5.jpg,43172
IMG_0800_jpeg_jpeg6.jpg,43172
IMG_0800_jpeg_jpeg7.jpg,3086DL
IMG_0800_jpeg_jpeg8.jpg,null
IMG_0800_jpeg_jpeg9.jpg,43177DL
IMG_0800_jpeg_jpeg10.jpg,null
IMG_0800_jpeg_jpeg11.jpg,42278DL
IMG_0800_jpeg_jpeg12.jpg,42264
IMG_0800_jpeg_jpeg13.jpg,43163
IMG_0800_jpeg_jpeg14.jpg,43177DL
IMG_0800_jpeg_jpeg15.jpg,null
IMG_0800_jpeg_jpeg16.jpg,42264
IMG_0800_jpeg_jpeg17.jpg,null
IMG_0800_jpeg_jpeg18.jpg,42265
IMG_0800_jpeg_jpeg19.jpg,90154
IMG_0801_jpeg_jpeg.jpg,43164
IMG_0801_jpeg_jpeg2.jpg,null
IMG_0801_jpeg_jpeg3.jpg,null
IMG_0801_jpeg_jpeg4.jpg,43164
IMG_0801_jpeg_jpeg5.jpg,null
IMG_0801_jpeg_jpeg6.jpg,null
IMG_0801_jpeg_jpeg7.jpg,null
IMG_0801_jpeg_jpeg8.jpg,null
IMG_0801_jpeg_jpeg9.jpg,43166DL
IMG_0801_jpeg_jpeg10.jpg,43166DL
IMG_0801_jpeg_jpeg11.jpg,null
IMG_0801_jpeg_jpeg12.jpg,44585
IMG_0801_jpeg_jpeg13.jpg,43163
IMG_0801_jpeg_jpeg14.jpg,null
IMG_0801_jpeg_jpeg15.jpg,42278DL
IMG_0801_jpeg_jpeg16.jpg,43163
IMG_0801_jpeg_jpeg17.jpg,null
IMG_0801_jpeg_jpeg18.jpg,null
IMG_0801_jpeg_jpeg19.jpg,null
IMG_0802_jpeg_jpeg.jpg,43153DL
IMG_0802_jpeg_jpeg2.jpg,43154DL
IMG_0802_jpeg_jpeg3.jpg,43152DL
IMG_0802_jpeg_jpeg4.jpg,43154DL
IMG_0802_jpeg_jpeg5.jpg,43160
IMG_0802_jpeg_jpeg6.jpg,43159
IMG_0802_jpeg_jpeg7.jpg,43159
IMG_0802_jpeg_jpeg8.jpg,43152DL
IMG_0802_jpeg_jpeg9.jpg,43160
IMG_0802_jpeg_jpeg10.jpg,null
IMG_0802_jpeg_jpeg11.jpg,43153DL
IMG_0802_jpeg_jpeg12.jpg,null
IMG_0802_jpeg_jpeg13.jpg,null
IMG_0802_jpeg_jpeg14.jpg,null
IMG_0802_jpeg_jpeg15.jpg,null
IMG_0802_jpeg_jpeg16.jpg,null
IMG_0803_jpeg_jpeg.jpg,44581DL
IMG_0803_jpeg_jpeg2.jpg,44596
IMG_0803_jpeg_jpeg3.jpg,44579
IMG_0803_jpeg_jpeg4.jpg,44574
IMG_0803_jpeg_jpeg5.jpg,44311
IMG_0803_jpeg_jpeg6.jpg,44579
IMG_0803_jpeg_jpeg7.jpg,44311
IMG_0803_jpeg_jpeg8.jpg,44570DL
IMG_0803_jpeg_jpeg9.jpg,44570DL
IMG_0803_jpeg_jpeg10.jpg,44306DL
IMG_0803_jpeg_jpeg11.jpg,44581DL
IMG_0803_jpeg_jpeg12.jpg,44574
IMG_0803_jpeg_jpeg13.jpg,09156
IMG_0803_jpeg_jpeg14.jpg,44306DL
IMG_0803_jpeg_jpeg15.jpg,44306DL
IMG_0803_jpeg_jpeg16.jpg,44306DL
IMG_0803_jpeg_jpeg17.jpg,44317DL
IMG_0803_jpeg_jpeg18.jpg,44310
IMG_0803_jpeg_jpeg19.jpg,44310
IMG_0804_jpeg_jpeg.jpg,44306DL
IMG_0804_jpeg_jpeg2.jpg,44306DL
IMG_0804_jpeg_jpeg3.jpg,44311
IMG_0804_jpeg_jpeg4.jpg,44311
IMG_0804_jpeg_jpeg5.jpg,44306DL
IMG_0804_jpeg_jpeg6.jpg,44310
IMG_0804_jpeg_jpeg7.jpg,4570DL
IMG_0804_jpeg_jpeg8.jpg,null
IMG_0804_jpeg_jpeg9.jpg,44317DL
IMG_0804_jpeg_jpeg10.jpg,44310
IMG_0804_jpeg_jpeg11.jpg,44590
IMG_0804_jpeg_jpeg12.jpg,44570DL
IMG_0804_jpeg_jpeg13.jpg,44306DL
IMG_0805_jpeg_jpeg.jpg,44604
IMG_0805_jpeg_jpeg2.jpg,44606
IMG_0805_jpeg_jpeg3.jpg,44602
IMG_0805_jpeg_jpeg4.jpg,44600
IMG_0805_jpeg_jpeg5.jpg,44687
IMG_0805_jpeg_jpeg6.jpg,44604
IMG_0805_jpeg_jpeg7.jpg,44586
IMG_0805_jpeg_jpeg8.jpg,44606
IMG_0805_jpeg_jpeg9.jpg,44596
IMG_0805_jpeg_jpeg10.jpg,44599
IMG_0805_jpeg_jpeg11.jpg,44600
IMG_0805_jpeg_jpeg12.jpg,44586
IMG_0805_jpeg_jpeg13.jpg,44605DL
IMG_0805_jpeg_jpeg14.jpg,44599
IMG_0805_jpeg_jpeg15.jpg,44805DL
IMG_0805_jpeg_jpeg16.jpg,44603
IMG_0805_jpeg_jpeg17.jpg,44596
IMG_0805_jpeg_jpeg18.jpg,44596
IMG_0805_jpeg_jpeg19.jpg,44602
IMG_0805_jpeg_jpeg20.jpg,44596
IMG_0805_jpeg_jpeg21.jpg,null
IMG_0805_jpeg_jpeg22.jpg,44603
IMG_0806_jpeg_jpeg.jpg,null
IMG_0806_jpeg_jpeg2.jpg,null
IMG_0806_jpeg_jpeg3.jpg,44622DL
IMG_0806_jpeg_jpeg4.jpg,null
IMG_0806_jpeg_jpeg5.jpg,44625DL
IMG_0806_jpeg_jpeg6.jpg,44625DL
IMG_0806_jpeg_jpeg7.jpg,44622DL
IMG_0806_jpeg_jpeg8.jpg,44618
IMG_0806_jpeg_jpeg9.jpg,null
IMG_0806_jpeg_jpeg10.jpg,null
IMG_0806_jpeg_jpeg11.jpg,44624
IMG_0806_jpeg_jpeg12.jpg,null
IMG_0806_jpeg_jpeg13.jpg,null
IMG_0806_jpeg_jpeg14.jpg,44624
IMG_0806_jpeg_jpeg15.jpg,44618
IMG_0806_jpeg_jpeg16.jpg,45412
IMG_0806_jpeg_jpeg17.jpg,null
IMG_0806_jpeg_jpeg18.jpg,44618
IMG_0806_jpeg_jpeg19.jpg,null
IMG_0807_jpeg_jpeg.jpg,44691DL
IMG_0807_jpeg_jpeg2.jpg,44650DL
IMG_0807_jpeg_jpeg3.jpg,null
IMG_0807_jpeg_jpeg4.jpg,null
IMG_0807_jpeg_jpeg5.jpg,44662
IMG_0807_jpeg_jpeg6.jpg,44662
IMG_0807_jpeg_jpeg7.jpg,44691DL
IMG_0807_jpeg_jpeg8.jpg,44628
IMG_0807_jpeg_jpeg9.jpg,44650DL
IMG_0807_jpeg_jpeg10.jpg,45607
IMG_0807_jpeg_jpeg11.jpg,44628
IMG_0807_jpeg_jpeg12.jpg,null
IMG_0807_jpeg_jpeg13.jpg,null
IMG_0807_jpeg_jpeg14.jpg,44625DL
IMG_0807_jpeg_jpeg15.jpg,45607
IMG_0807_jpeg_jpeg16.jpg,44625DL
IMG_0807_jpeg_jpeg17.jpg,44607DL
IMG_0808_jpeg_jpeg.jpg,44617
IMG_0808_jpeg_jpeg2.jpg,44622DL
IMG_0808_jpeg_jpeg3.jpg,44622DL
IMG_0808_jpeg_jpeg4.jpg,44624
IMG_0808_jpeg_jpeg5.jpg,44618
IMG_0808_jpeg_jpeg6.jpg,44615
IMG_0808_jpeg_jpeg7.jpg,44624
IMG_0808_jpeg_jpeg8.jpg,44618
IMG_0808_jpeg_jpeg9.jpg,44618
IMG_0808_jpeg_jpeg10.jpg,44608
IMG_0808_jpeg_jpeg11.jpg,44615
IMG_0808_jpeg_jpeg12.jpg,44608
IMG_0808_jpeg_jpeg13.jpg,null
IMG_0808_jpeg_jpeg14.jpg,44589
IMG_0808_jpeg_jpeg15.jpg,null
IMG_0808_jpeg_jpeg16.jpg,44617
IMG_0808_jpeg_jpeg17.jpg,0303
IMG_0809_jpeg_jpeg.jpg,44720
IMG_0809_jpeg_jpeg2.jpg,44720
IMG_0809_jpeg_jpeg3.jpg,44720
IMG_0809_jpeg_jpeg4.jpg,44720
IMG_0809_jpeg_jpeg5.jpg,44749DL
IMG_0809_jpeg_jpeg6.jpg,45111
IMG_0809_jpeg_jpeg7.jpg,44723
IMG_0809_jpeg_jpeg8.jpg,44722
IMG_0809_jpeg_jpeg9.jpg,45111
IMG_0809_jpeg_jpeg10.jpg,45112
IMG_0809_jpeg_jpeg11.jpg,44722
IMG_0809_jpeg_jpeg12.jpg,44723
IMG_0809_jpeg_jpeg13.jpg,44749DL
IMG_0809_jpeg_jpeg14.jpg,45112
IMG_0810_jpeg_jpeg.jpg,null
IMG_0810_jpeg_jpeg2.jpg,45412
IMG_0810_jpeg_jpeg3.jpg,null
IMG_0810_jpeg_jpeg4.jpg,45413
IMG_0810_jpeg_jpeg5.jpg,45413
IMG_0810_jpeg_jpeg6.jpg,45412
IMG_0810_jpeg_jpeg7.jpg,45413
IMG_0810_jpeg_jpeg8.jpg,45412
IMG_0810_jpeg_jpeg9.jpg,44749DL
IMG_0810_jpeg_jpeg10.jpg,45112
IMG_0810_jpeg_jpeg11.jpg,44749DL
IMG_0810_jpeg_jpeg12.jpg,45111
IMG_0810_jpeg_jpeg13.jpg,45111
IMG_0810_jpeg_jpeg14.jpg,45112
IMG_0810_jpeg_jpeg15.jpg,null
IMG_0810_jpeg_jpeg16.jpg,null
IMG_0810_jpeg_jpeg17.jpg,45482
IMG_0810_jpeg_jpeg18.jpg,null
IMG_0810_jpeg_jpeg19.jpg,null
IMG_0810_jpeg_jpeg20.jpg,null
IMG_0810_jpeg_jpeg21.jpg,1548
IMG_0810_jpeg_jpeg22.jpg,45482
IMG_0810_jpeg_jpeg23.jpg,null
IMG_0811_jpeg_jpeg.jpg,54029
IMG_0811_jpeg_jpeg2.jpg,54069
IMG_0811_jpeg_jpeg3.jpg,53025
IMG_0811_jpeg_jpeg4.jpg,54029
IMG_0811_jpeg_jpeg5.jpg,54060
IMG_0811_jpeg_jpeg6.jpg,54069
IMG_0811_jpeg_jpeg7.jpg,54073
IMG_0811_jpeg_jpeg8.jpg,54013
IMG_0811_jpeg_jpeg9.jpg,54013
IMG_0811_jpeg_jpeg10.jpg,53041
IMG_0811_jpeg_jpeg11.jpg,54073
IMG_0811_jpeg_jpeg12.jpg,53025
IMG_0811_jpeg_jpeg13.jpg,54058
IMG_0811_jpeg_jpeg14.jpg,53041
IMG_0811_jpeg_jpeg15.jpg,54074
IMG_0811_jpeg_jpeg16.jpg,54063
IMG_0811_jpeg_jpeg17.jpg,53040
IMG_0811_jpeg_jpeg18.jpg,53040
IMG_0811_jpeg_jpeg19.jpg,54074
IMG_0811_jpeg_jpeg20.jpg,54074
IMG_0811_jpeg_jpeg21.jpg,54060
IMG_0811_jpeg_jpeg22.jpg,53040
IMG_0811_jpeg_jpeg23.jpg,54063
IMG_0811_jpeg_jpeg24.jpg,54027
IMG_0811_jpeg_jpeg25.jpg,54027
IMG_0811_jpeg_jpeg26.jpg,54058
IMG_0811_jpeg_jpeg27.jpg,54060
IMG_0811_jpeg_jpeg28.jpg,54011
IMG_0811_jpeg_jpeg29.jpg,54047
IMG_0811_jpeg_jpeg30.jpg,54011
IMG_0811_jpeg_jpeg31.jpg,54047
IMG_0811_jpeg_jpeg32.jpg,53040
IMG_0811_jpeg_jpeg33.jpg,54060
IMG_0811_jpeg_jpeg34.jpg,54017
IMG_0811_jpeg_jpeg35.jpg,54017
IMG_0811_jpeg_jpeg36.jpg,54027
IMG_0811_jpeg_jpeg37.jpg,53012
IMG_0811_jpeg_jpeg38.jpg,53012
IMG_0811_jpeg_jpeg39.jpg,54027
IMG_0812_jpeg_jpeg.jpg,null
IMG_0812_jpeg_jpeg2.jpg,53040
IMG_0812_jpeg_jpeg3.jpg,53040
IMG_0812_jpeg_jpeg4.jpg,53025
IMG_0812_jpeg_jpeg5.jpg,53025
IMG_0812_jpeg_jpeg6.jpg,53040
IMG_0812_jpeg_jpeg7.jpg,53040
IMG_0812_jpeg_jpeg8.jpg,54013
IMG_0812_jpeg_jpeg9.jpg,54013
IMG_0812_jpeg_jpeg10.jpg,54058
IMG_0812_jpeg_jpeg11.jpg,53041
IMG_0812_jpeg_jpeg12.jpg,54011
IMG_0812_jpeg_jpeg13.jpg,53041
IMG_0812_jpeg_jpeg14.jpg,54011
IMG_0812_jpeg_jpeg15.jpg,null
IMG_0813_jpeg_jpeg.jpg,54078
IMG_0813_jpeg_jpeg2.jpg,54063
IMG_0813_jpeg_jpeg3.jpg,54073
IMG_0813_jpeg_jpeg4.jpg,54027
IMG_0813_jpeg_jpeg5.jpg,54029
IMG_0813_jpeg_jpeg6.jpg,54073
IMG_0813_jpeg_jpeg7.jpg,54029
IMG_0813_jpeg_jpeg8.jpg,54013
IMG_0813_jpeg_jpeg9.jpg,54078
IMG_0813_jpeg_jpeg10.jpg,53024
IMG_0813_jpeg_jpeg11.jpg,54013
IMG_0813_jpeg_jpeg12.jpg,54017
IMG_0813_jpeg_jpeg13.jpg,54058
IMG_0813_jpeg_jpeg14.jpg,54027
IMG_0813_jpeg_jpeg15.jpg,54011
IMG_0813_jpeg_jpeg16.jpg,54027
IMG_0813_jpeg_jpeg17.jpg,54011
IMG_0813_jpeg_jpeg18.jpg,54017
IMG_0813_jpeg_jpeg19.jpg,53012
IMG_0813_jpeg_jpeg20.jpg,null
IMG_0813_jpeg_jpeg21.jpg,54027
IMG_0814_jpeg_jpeg.jpg,54017
IMG_0814_jpeg_jpeg2.jpg,53025
IMG_0814_jpeg_jpeg3.jpg,53001
IMG_0814_jpeg_jpeg4.jpg,54011
IMG_0814_jpeg_jpeg5.jpg,53006DL
IMG_0814_jpeg_jpeg6.jpg,53002
IMG_0814_jpeg_jpeg7.jpg,53005DL
IMG_0814_jpeg_jpeg8.jpg,54011
IMG_0814_jpeg_jpeg9.jpg,53001
IMG_0814_jpeg_jpeg10.jpg,53005DL
IMG_0814_jpeg_jpeg11.jpg,null
IMG_0814_jpeg_jpeg12.jpg,54017
IMG_0814_jpeg_jpeg13.jpg,53010
IMG_0814_jpeg_jpeg14.jpg,53002
IMG_0814_jpeg_jpeg15.jpg,53000
IMG_0814_jpeg_jpeg16.jpg,5302
IMG_0814_jpeg_jpeg17.jpg,53010
IMG_0814_jpeg_jpeg18.jpg,44723
IMG_0814_jpeg_jpeg19.jpg,53011
IMG_0814_jpeg_jpeg20.jpg,53000
IMG_0814_jpeg_jpeg21.jpg,53011
IMG_0815_jpeg_jpeg.jpg,53021
IMG_0815_jpeg_jpeg2.jpg,53024
IMG_0815_jpeg_jpeg3.jpg,54027
IMG_0815_jpeg_jpeg4.jpg,54027
IMG_0815_jpeg_jpeg5.jpg,54029
IMG_0815_jpeg_jpeg6.jpg,53024
IMG_0815_jpeg_jpeg7.jpg,53021
IMG_0815_jpeg_jpeg8.jpg,53010
IMG_0815_jpeg_jpeg9.jpg,54017
IMG_0815_jpeg_jpeg10.jpg,53005DL
IMG_0815_jpeg_jpeg11.jpg,53006DL
IMG_0815_jpeg_jpeg12.jpg,53006DL
IMG_0815_jpeg_jpeg13.jpg,53010
IMG_0815_jpeg_jpeg14.jpg,54027
IMG_0815_jpeg_jpeg15.jpg,54017
IMG_0815_jpeg_jpeg16.jpg,53005DL
IMG_0815_jpeg_jpeg17.jpg,null
IMG_0815_jpeg_jpeg18.jpg,54011
IMG_0815_jpeg_jpeg19.jpg,54011
IMG_0815_jpeg_jpeg20.jpg,53012
IMG_0815_jpeg_jpeg21.jpg,null
IMG_0815_jpeg_jpeg22.jpg,54027
IMG_0815_jpeg_jpeg23.jpg,53012
IMG_0815_jpeg_jpeg24.jpg,53012
IMG_0815_jpeg_jpeg25.jpg,53012
IMG_0819_jpeg_jpeg.jpg,null
IMG_0819_jpeg_jpeg2.jpg,null
IMG_0819_jpeg_jpeg3.jpg,null
IMG_0819_jpeg_jpeg4.jpg,null
IMG_0819_jpeg_jpeg5.jpg,57107
IMG_0819_jpeg_jpeg6.jpg,57107
IMG_0819_jpeg_jpeg7.jpg,60119DL
IMG_0819_jpeg_jpeg8.jpg,null
IMG_0819_jpeg_jpeg9.jpg,null
IMG_0819_jpeg_jpeg10.jpg,null
IMG_0819_jpeg_jpeg11.jpg,null
IMG_0819_jpeg_jpeg12.jpg,null
IMG_0819_jpeg_jpeg13.jpg,null
IMG_0819_jpeg_jpeg14.jpg,60119DL
IMG_0819_jpeg_jpeg15.jpg,null
IMG_0819_jpeg_jpeg16.jpg,60120DL
IMG_0819_jpeg_jpeg17.jpg,null
IMG_0819_jpeg_jpeg18.jpg,null
IMG_0820_jpeg_jpeg.jpg,70032DL
IMG_0820_jpeg_jpeg2.jpg,null
IMG_0820_jpeg_jpeg3.jpg,null
IMG_0820_jpeg_jpeg4.jpg,null
IMG_0820_jpeg_jpeg5.jpg,null
IMG_0820_jpeg_jpeg6.jpg,null
IMG_0820_jpeg_jpeg7.jpg,70004
IMG_0820_jpeg_jpeg8.jpg,null
IMG_0820_jpeg_jpeg9.jpg,null
IMG_0820_jpeg_jpeg10.jpg,70004
IMG_0820_jpeg_jpeg11.jpg,null
IMG_0820_jpeg_jpeg12.jpg,70004
IMG_0820_jpeg_jpeg13.jpg,null
IMG_0820_jpeg_jpeg14.jpg,null
IMG_0820_jpeg_jpeg15.jpg,20002
IMG_0823_jpeg_jpeg.jpg,70137DL
IMG_0823_jpeg_jpeg2.jpg,70137DL
IMG_0823_jpeg_jpeg3.jpg,null
IMG_0823_jpeg_jpeg4.jpg,null
IMG_0823_jpeg_jpeg5.jpg,null
IMG_0823_jpeg_jpeg6.jpg,70158DL
IMG_0823_jpeg_jpeg7.jpg,null
IMG_0824_jpeg_jpeg.jpg,72025DL
IMG_0824_jpeg_jpeg2.jpg,72019
IMG_0824_jpeg_jpeg3.jpg,72019
IMG_0824_jpeg_jpeg4.jpg,72025DL
IMG_0824_jpeg_jpeg5.jpg,72020
IMG_0824_jpeg_jpeg6.jpg,72020
IMG_0824_jpeg_jpeg7.jpg,7209
IMG_0824_jpeg_jpeg8.jpg,72020
IMG_0824_jpeg_jpeg9.jpg,72021
IMG_0825_jpeg_jpeg.jpg,72025DL
IMG_0825_jpeg_jpeg2.jpg,72025DL
IMG_0825_jpeg_jpeg3.jpg,93460
IMG_0825_jpeg_jpeg4.jpg,72099DL
IMG_0825_jpeg_jpeg5.jpg,72020
IMG_0825_jpeg_jpeg6.jpg,null
IMG_0825_jpeg_jpeg7.jpg,72020
IMG_0825_jpeg_jpeg8.jpg,null
IMG_0825_jpeg_jpeg9.jpg,null
IMG_0825_jpeg_jpeg10.jpg,null
IMG_0825_jpeg_jpeg11.jpg,null
IMG_0825_jpeg_jpeg12.jpg,null
IMG_0825_jpeg_jpeg13.jpg,null
IMG_0825_jpeg_jpeg14.jpg,72020
IMG_0825_jpeg_jpeg15.jpg,null
IMG_0825_jpeg_jpeg16.jpg,72019
IMG_0825_jpeg_jpeg17.jpg,null
IMG_0825_jpeg_jpeg18.jpg,null
IMG_0825_jpeg_jpeg19.jpg,null
IMG_0825_jpeg_jpeg20.jpg,null
IMG_0825_jpeg_jpeg21.jpg,72021
IMG_0825_jpeg_jpeg22.jpg,null
IMG_0825_jpeg_jpeg23.jpg,null
IMG_0825_jpeg_jpeg24.jpg,null
IMG_0825_jpeg_jpeg25.jpg,null
IMG_0825_jpeg_jpeg26.jpg,null
IMG_0825_jpeg_jpeg27.jpg,null
IMG_0825_jpeg_jpeg28.jpg,null
IMG_0825_jpeg_jpeg29.jpg,72021
IMG_0825_jpeg_jpeg30.jpg,null
IMG_0826_jpeg_jpeg.jpg,72025DL
IMG_0826_jpeg_jpeg2.jpg,72025DL
IMG_0826_jpeg_jpeg3.jpg,72099DL
IMG_0826_jpeg_jpeg4.jpg,72020
IMG_0826_jpeg_jpeg5.jpg,2020
IMG_0826_jpeg_jpeg6.jpg,null
IMG_0826_jpeg_jpeg7.jpg,null
IMG_0826_jpeg_jpeg8.jpg,72020
IMG_0826_jpeg_jpeg9.jpg,null
IMG_0826_jpeg_jpeg10.jpg,null
IMG_0826_jpeg_jpeg11.jpg,72076DL
IMG_0826_jpeg_jpeg12.jpg,null
IMG_0826_jpeg_jpeg13.jpg,null
IMG_0826_jpeg_jpeg14.jpg,72021
IMG_0826_jpeg_jpeg15.jpg,72020
IMG_0826_jpeg_jpeg16.jpg,72021
IMG_0826_jpeg_jpeg17.jpg,null
IMG_0826_jpeg_jpeg18.jpg,null
IMG_0826_jpeg_jpeg19.jpg,null
IMG_0826_jpeg_jpeg20.jpg,null
IMG_0826_jpeg_jpeg21.jpg,null
IMG_0826_jpeg_jpeg22.jpg,72021
IMG_0826_jpeg_jpeg23.jpg,null
IMG_0826_jpeg_jpeg24.jpg,null
IMG_0826_jpeg_jpeg25.jpg,72019
IMG_0826_jpeg_jpeg26.jpg,null
IMG_0826_jpeg_jpeg27.jpg,null
IMG_0827_jpeg_jpeg.jpg,72077DL
IMG_0827_jpeg_jpeg2.jpg,72100DL
IMG_0827_jpeg_jpeg3.jpg,72076DL
IMG_0827_jpeg_jpeg4.jpg,72076DL
IMG_0827_jpeg_jpeg5.jpg,72100DL
IMG_0827_jpeg_jpeg6.jpg,72077DL
IMG_0827_jpeg_jpeg7.jpg,72099DL
IMG_0827_jpeg_jpeg8.jpg,72020
IMG_0827_jpeg_jpeg9.jpg,72099DL
IMG_0827_jpeg_jpeg10.jpg,72025DL
IMG_0828_jpeg_jpeg.jpg,72135DL
IMG_0828_jpeg_jpeg2.jpg,null
IMG_0828_jpeg_jpeg3.jpg,null
IMG_0828_jpeg_jpeg4.jpg,null
IMG_0828_jpeg_jpeg5.jpg,72123DL
IMG_0828_jpeg_jpeg6.jpg,null
IMG_0828_jpeg_jpeg7.jpg,72135DL
IMG_0828_jpeg_jpeg8.jpg,72122DL
IMG_0828_jpeg_jpeg9.jpg,null
IMG_0828_jpeg_jpeg10.jpg,null
IMG_0828_jpeg_jpeg11.jpg,null
IMG_0828_jpeg_jpeg12.jpg,72123DL
IMG_0828_jpeg_jpeg13.jpg,null
IMG_0828_jpeg_jpeg14.jpg,null
IMG_0828_jpeg_jpeg15.jpg,null
IMG_0828_jpeg_jpeg16.jpg,72122
IMG_0828_jpeg_jpeg17.jpg,72139DL
IMG_0828_jpeg_jpeg18.jpg,null
IMG_0828_jpeg_jpeg19.jpg,null
IMG_0829_jpeg_jpeg.jpg,72175DL
IMG_0829_jpeg_jpeg2.jpg,null
IMG_0829_jpeg_jpeg3.jpg,null
IMG_0829_jpeg_jpeg4.jpg,null
IMG_0829_jpeg_jpeg5.jpg,72163
IMG_0829_jpeg_jpeg6.jpg,72163
IMG_0829_jpeg_jpeg7.jpg,null
IMG_0829_jpeg_jpeg8.jpg,null
IMG_0829_jpeg_jpeg9.jpg,null
IMG_0829_jpeg_jpeg10.jpg,null
IMG_0829_jpeg_jpeg11.jpg,null
IMG_0829_jpeg_jpeg12.jpg,null
IMG_0829_jpeg_jpeg13.jpg,null
IMG_0829_jpeg_jpeg14.jpg,null
IMG_0829_jpeg_jpeg15.jpg,72175DL
IMG_0829_jpeg_jpeg16.jpg,null
IMG_0829_jpeg_jpeg17.jpg,null
IMG_0829_jpeg_jpeg18.jpg,72184
IMG_0830_jpeg_jpeg.jpg,74010DL
IMG_0830_jpeg_jpeg2.jpg,null
IMG_0830_jpeg_jpeg3.jpg,74007DL
IMG_0830_jpeg_jpeg4.jpg,74007DL
IMG_0830_jpeg_jpeg5.jpg,74010DL
IMG_0830_jpeg_jpeg6.jpg,null
IMG_0830_jpeg_jpeg7.jpg,null
IMG_0830_jpeg_jpeg8.jpg,null
IMG_0830_jpeg_jpeg9.jpg,74000
IMG_0830_jpeg_jpeg10.jpg,null
IMG_0830_jpeg_jpeg11.jpg,null
IMG_0830_jpeg_jpeg12.jpg,null
IMG_0830_jpeg_jpeg13.jpg,null
IMG_0830_jpeg_jpeg14.jpg,73070
IMG_0830_jpeg_jpeg15.jpg,74031DL
IMG_0830_jpeg_jpeg16.jpg,null
IMG_0830_jpeg_jpeg17.jpg,null
IMG_0830_jpeg_jpeg18.jpg,null
IMG_0830_jpeg_jpeg19.jpg,73070DL
IMG_0830_jpeg_jpeg20.jpg,null
IMG_0830_jpeg_jpeg21.jpg,null
IMG_0830_jpeg_jpeg22.jpg,null
IMG_0831_jpeg_jpeg.jpg,null
IMG_0831_jpeg_jpeg2.jpg,72163
IMG_0831_jpeg_jpeg3.jpg,null
IMG_0831_jpeg_jpeg4.jpg,null
IMG_0831_jpeg_jpeg5.jpg,72174DL
IMG_0831_jpeg_jpeg6.jpg,null
IMG_0831_jpeg_jpeg7.jpg,null
IMG_0831_jpeg_jpeg8.jpg,null
IMG_0831_jpeg_jpeg9.jpg,null
IMG_0831_jpeg_jpeg10.jpg,72184
IMG_0832_jpeg_jpeg.jpg,74032DL
IMG_0832_jpeg_jpeg2.jpg,74032DL
IMG_0832_jpeg_jpeg3.jpg,74031DL
IMG_0832_jpeg_jpeg4.jpg,74031DL
IMG_0832_jpeg_jpeg5.jpg,74033DL
IMG_0832_jpeg_jpeg6.jpg,74000
IMG_0832_jpeg_jpeg7.jpg,74033DL
IMG_0832_jpeg_jpeg8.jpg,74034DL
IMG_0832_jpeg_jpeg9.jpg,74034DL
IMG_0832_jpeg_jpeg10.jpg,null
